epoch,train_loss,sanval_nse,lr,grad_norm,elapsed_s,sanval_nse_ema
0,0.06188118459647236,0.4692879921456389,5e-05,0.590627,526.4,0.500170
1,0.04443341358114197,0.5046943100662561,0.0001,0.509171,523.8,0.516038
2,0.04272756592350306,0.5041021936207356,9.983093240383015e-05,0.431272,524.5,0.519377
3,0.04152856070918639,0.5063959728542042,9.932488451843476e-05,0.387079,524.3,0.525727
4,0.04072260454917236,0.5493118839077084,9.848531316399687e-05,0.355123,524.6,0.533156
5,0.04006845551531473,0.5320857841377081,9.73179534641814e-05,0.325628,527.3,0.535600
6,0.039415781261615886,0.5378343705332708,9.583077966942534e-05,0.317311,535.0,0.553485
7,0.03892650224538795,0.5205849573898622,9.403395068472121e-05,0.306290,533.3,0.563049
8,0.038429814381539584,0.5599676373191622,9.193974067399516e-05,0.284470,531.3,0.571629
9,0.03797344837058842,0.5971706344812986,8.956245521512149e-05,0.268990,530.0,0.582553
10,0.03743142121076326,0.5694104681192782,8.691833357832002e-05,0.262490,529.4,0.605105
11,0.03697347104140938,0.5913156280124985,8.40254377954742e-05,0.262349,528.6,0.616456
12,0.036557473253881076,0.5733619762185647,8.090352927813856e-05,0.256458,530.7,0.599257
13,0.035987397107662834,0.5905171370939863,7.757393382706014e-05,0.250695,530.0,0.595019
14,0.035481417374864044,0.5825069410719186,7.405939595533516e-05,0.246235,528.3,0.616207
15,0.03484524434430121,0.617905389910351,7.0383923520322e-05,0.247288,527.7,0.596013
16,0.034408987041411085,0.6095825616612793,6.657262372563184e-05,0.250811,528.2,0.627789
17,0.03375421027930743,0.6321905873672826,6.265153161346956e-05,0.239314,526.9,0.626170
18,0.033291339526654695,0.5835382635449446,5.864743221889634e-05,0.239116,528.9,0.611344
19,0.03264474184735247,0.613378673532609,5.458767760088046e-05,0.231631,530.2,0.625569
20,0.032188187600108116,0.634405337542186,5.05e-05,0.235436,528.8,0.616424
21,0.031626284288707986,0.615641838528389,4.6412322399119556e-05,0.229545,529.4,0.636531
22,0.030977625466584294,0.6402789262905271,4.2352567781103665e-05,0.223577,529.5,0.645620
23,0.030496744331889092,0.6391934642458894,3.834846838653045e-05,0.222939,528.3,0.628361
24,0.029960236946857278,0.6124098207343593,3.442737627436817e-05,0.219131,528.0,0.628487
25,0.0294501681815707,0.6185987062861943,3.0616076479678025e-05,0.219082,529.1,0.628673
26,0.028972970512611624,0.6450109531882346,2.6940604044664862e-05,0.211931,529.4,0.638991
27,0.028509638896595923,0.6236255507204096,2.3426066172939882e-05,0.213064,528.7,0.629085
28,0.02811273613113045,0.6374582170276619,2.0096470721861445e-05,0.214100,527.2,0.636102
29,0.02774665310753991,0.6039815698715716,1.6974562204525823e-05,0.212946,526.6,0.642701
30,0.027352181444606605,0.622320740446467,1.4081666421679987e-05,0.208196,527.4,0.636184
31,0.02705312400124167,0.6452106246163022,1.1437544784878524e-05,0.206672,525.8,0.639311
32,0.026800263725658954,0.6165099196642674,9.060259326004838e-06,0.204403,525.9,0.642720
33,0.026541776257435663,0.6413498216721033,6.966049315278797e-06,0.199566,528.5,0.644389
34,0.026376022971496507,0.6541999592215725,5.169220330574654e-06,0.201911,526.8,0.638136
35,0.026257986077955358,0.6442274891653397,3.6820465358185853e-06,0.199801,528.2,0.646594
36,0.02607123194575137,0.6216887417036446,2.5146868360031462e-06,0.198126,530.2,0.620342
37,0.025994020393442212,0.6247567421787277,1.675115481565245e-06,0.196210,529.3,0.628685
38,0.025912453075180312,0.6411751341518437,1.1690675961698423e-06,0.195642,529.6,0.637590
39,0.025897016261994622,0.6428100442416754,1e-06,0.194683,527.6,0.644808
