run,epoch,sanval_median_nse
exp_001__baseline,1,0.4885
exp_001__baseline,2,0.5202
exp_001__baseline,3,0.5270
exp_001__baseline,4,0.5249
exp_001__baseline,5,0.5415
exp_001__baseline,6,0.5534
exp_001__baseline,7,0.5300
exp_001__baseline,8,0.5788
exp_001__baseline,9,0.5792
exp_001__baseline,10,0.5674
exp_001__baseline,11,0.5978
exp_001__baseline,12,0.5413
exp_001__baseline,13,0.5651
exp_001__baseline,14,0.5620
exp_001__baseline,15,0.6186
exp_001__baseline,16,0.5874
exp_001__baseline,17,0.5931
exp_001__baseline,18,0.5821
exp_001__baseline,19,0.6060
exp_001__baseline,20,0.5397
exp_001__baseline,21,0.5545
exp_001__baseline,22,0.5679
exp_001__baseline,23,0.5232
exp_001__baseline,24,0.5285
exp_001__baseline,25,0.5376
exp_001__baseline,26,0.5492
exp_001__baseline,27,0.5385
exp_001__baseline,28,0.5554
exp_001__baseline,29,0.5446
exp_001__baseline,30,0.5449
exp_001__baseline,31,0.5457
exp_001__baseline,32,0.5240
exp_001__baseline,33,0.5569
exp_001__baseline,34,0.5585
exp_001__baseline,35,0.5517
exp_012__mae,1,0.4715
exp_012__mae,2,0.4785
exp_012__mae,3,0.5090
exp_012__mae,4,0.4989
exp_012__mae,5,0.5015
exp_012__mae,6,0.5061
exp_012__mae,7,0.5144
exp_012__mae,8,0.5128
exp_012__mae,9,0.5385
exp_012__mae,10,0.5176
exp_012__mae,11,0.5337
exp_012__mae,12,0.5508
exp_012__mae,13,0.5460
exp_012__mae,14,0.5272
exp_012__mae,15,0.5600
exp_012__mae,16,0.5617
exp_012__mae,17,0.5983
exp_012__mae,18,0.5767
exp_012__mae,19,0.5878
exp_012__mae,20,0.5890
exp_012__mae,21,0.6048
exp_012__mae,22,0.5757
exp_012__mae,23,0.5928
exp_012__mae,24,0.6130
exp_012__mae,25,0.6084
exp_012__mae,26,0.6033
exp_012__mae,27,0.6184
exp_012__mae,28,0.6019
exp_012__mae,29,0.6074
exp_012__mae,30,0.6222
exp_012__mae,31,0.6175
exp_012__mae,32,0.6126
exp_012__mae,33,0.6386
exp_012__mae,34,0.6274
exp_012__mae,35,0.6355
exp_012__mae,36,0.6262
exp_012__mae,37,0.6353
exp_012__mae,38,0.6285
exp_012__mae,39,0.6267
exp_012__mae,40,0.6286
exp_050__resid_huber05,1,0.4676
exp_050__resid_huber05,2,0.4794
exp_050__resid_huber05,3,0.5095
exp_050__resid_huber05,4,0.5035
exp_050__resid_huber05,5,0.5289
exp_050__resid_huber05,6,0.5289
exp_050__resid_huber05,7,0.5114
exp_050__resid_huber05,8,0.5230
exp_050__resid_huber05,9,0.5361
exp_050__resid_huber05,10,0.5411
exp_050__resid_huber05,11,0.5700
exp_050__resid_huber05,12,0.5722
exp_050__resid_huber05,13,0.5838
exp_050__resid_huber05,14,0.5714
exp_050__resid_huber05,15,0.5533
exp_050__resid_huber05,16,0.5491
exp_050__resid_huber05,17,0.5619
exp_050__resid_huber05,18,0.6322
exp_050__resid_huber05,19,0.6069
exp_050__resid_huber05,20,0.6213
exp_050__resid_huber05,21,0.6183
exp_050__resid_huber05,22,0.6069
exp_050__resid_huber05,23,0.6167
exp_050__resid_huber05,24,0.6381
exp_050__resid_huber05,25,0.6266
exp_050__resid_huber05,26,0.6288
exp_050__resid_huber05,27,0.6631
exp_050__resid_huber05,28,0.6378
exp_050__resid_huber05,29,0.6459
exp_050__resid_huber05,30,0.6398
exp_050__resid_huber05,31,0.6458
exp_050__resid_huber05,32,0.6395
exp_050__resid_huber05,33,0.6495
exp_050__resid_huber05,34,0.6476
exp_050__resid_huber05,35,0.6643
exp_050__resid_huber05,36,0.6445
exp_050__resid_huber05,37,0.6540
exp_050__resid_huber05,38,0.6515
exp_050__resid_huber05,39,0.6458
exp_050__resid_huber05,40,0.6552
exp_053__lstm_huber05,1,0.4802
exp_053__lstm_huber05,2,0.5098
exp_053__lstm_huber05,3,0.5130
exp_053__lstm_huber05,4,0.5166
exp_053__lstm_huber05,5,0.5428
exp_053__lstm_huber05,6,0.5500
exp_053__lstm_huber05,7,0.5636
exp_053__lstm_huber05,8,0.5444
exp_053__lstm_huber05,9,0.5643
exp_053__lstm_huber05,10,0.5495
exp_053__lstm_huber05,11,0.5714
exp_053__lstm_huber05,12,0.5774
exp_053__lstm_huber05,13,0.5767
exp_053__lstm_huber05,14,0.5903
exp_053__lstm_huber05,15,0.5793
exp_053__lstm_huber05,16,0.6028
exp_053__lstm_huber05,17,0.5873
exp_053__lstm_huber05,18,0.6122
exp_053__lstm_huber05,19,0.5908
exp_053__lstm_huber05,20,0.6062
exp_053__lstm_huber05,21,0.6512
exp_053__lstm_huber05,22,0.6441
exp_053__lstm_huber05,23,0.6469
exp_053__lstm_huber05,24,0.6279
exp_053__lstm_huber05,25,0.6287
exp_053__lstm_huber05,26,0.6388
exp_053__lstm_huber05,27,0.6241
exp_053__lstm_huber05,28,0.6153
exp_053__lstm_huber05,29,0.6185
exp_053__lstm_huber05,30,0.6329
exp_053__lstm_huber05,31,0.6347
exp_053__lstm_huber05,32,0.6369
exp_053__lstm_huber05,33,0.6372
exp_053__lstm_huber05,34,0.6351
exp_053__lstm_huber05,35,0.6405
exp_053__lstm_huber05,36,0.6396
exp_053__lstm_huber05,37,0.6410
exp_053__lstm_huber05,38,0.6430
exp_053__lstm_huber05,39,0.6426
exp_053__lstm_huber05,40,0.6419
exp_020__dmel,1,0.4907
exp_020__dmel,2,0.5169
exp_020__dmel,3,0.5251
exp_020__dmel,4,0.5236
exp_020__dmel,5,0.5320
exp_020__dmel,6,0.5344
exp_020__dmel,7,0.5466
exp_020__dmel,8,0.5202
exp_020__dmel,9,0.5408
exp_020__dmel,10,0.5426
exp_020__dmel,11,0.5334
exp_020__dmel,12,0.5512
exp_020__dmel,13,0.5413
exp_020__dmel,14,0.5262
exp_020__dmel,15,0.5584
exp_020__dmel,16,0.5664
exp_020__dmel,17,0.5604
exp_020__dmel,18,0.5645
exp_020__dmel,19,0.5640
exp_020__dmel,20,0.5430
exp_020__dmel,21,0.5660
exp_020__dmel,22,0.5407
exp_020__dmel,23,0.5481
exp_020__dmel,24,0.5873
exp_020__dmel,25,0.5375
exp_020__dmel,26,0.5395
exp_020__dmel,27,0.5393
exp_020__dmel,28,0.5372
exp_020__dmel,29,0.5461
exp_020__dmel,30,0.5475
exp_020__dmel,31,0.5512
exp_020__dmel,32,0.5538
exp_020__dmel,33,0.5592
exp_020__dmel,34,0.5683
exp_020__dmel,35,0.5536
exp_020__dmel,36,0.5572
exp_020__dmel,37,0.5698
exp_020__dmel,38,0.5493
exp_020__dmel,39,0.5511
exp_020__dmel,40,0.5526
